conflict_id,contract_id,norm_id_1,norm_id_2,norm1,norm2,conf_type
1039,466,82524,83696,"To this end, subject to any confidentiality agreements Solectron may have, Solectron will both inform and provide a commercially reasonable opportunity for acquisition of new and emerging Solectron and industry technology.",Solectron can choose not to inform new industry technologies produced by them,2
1040,466,82758,83697,NCR shall pay the freight carrier directly.,NCR must pay the freight carrier making a back deposit,3
1041,466,83164,83698,Products should be appropriately labeled with the European CE mark and any country specific requirements.,Products may be labeled with the European CE mark but shall not have any labels from country specific requirements,2
1042,466,82857,83699,The Specifications may only be amended by the NCR design release process.,The Specifications shall not be amended by the NCR design release process,1
1043,467,83836,83935,Each certificate shall state that the insurance carrier will give Seller and Buyer at least thirty (30) days written notice of any cancellation or material change in the terms and conditions of such policy during the periods of coverage.,Certificates shall state that the insurance carrier must give Seller and Buyer at least thirty (15) days written notice of any cancellation or material change in the terms and conditions of such policy during the periods of coverage,3
1044,467,83737,83936,"Seller will engineer, permit, construct, finance, operate and maintain the Thermal Energy Production Facilities so as to produce and deliver Thermal Energy to Buyer at the agreed upon Points of Delivery.","Seller is not responsible for engineer, permit, construct, finance, operate and maintain the Thermal Energy Production Facilities",1
1045,467,83873,83937,"In addition, Seller agrees to file a vendor registration if it has not already done so.",Seller shall not file any vendor registration,2
1046,467,83779,83938,Seller shall use reasonable means to limit the duration of the outage and shall attempt to schedule chilled water outages during winter months and steam outages during summer 8 months.,Seller cannot make water outrages,2
1047,468,84238,84293,"NONSOLICITATION OF EMPLOYEES (A) During the term of this Agreement neither Motorola nor ASE shall solicit any employee of the other for employment, either directly through any of its employees, * .",Motorola can solicit any employee of the other for employment,2
1048,468,84034,84294,ASE shall establish a system to ensure all deliveries to be made on time.,ASE may deliver up to two hours after the stipulated time,2
1049,468,84061,84295,(B) ASE shall dispose of any Scrap in accordance with applicable laws and Motorola's written instructions.,ASE may dispose of any Scrap in accordance with applicable laws and Motorola's written instructions,1
1050,468,84027,84296,"The actual orders shall provide details regarding specific Contract Products, mix, * Certain information on this page has been omitted and filed separately with the Commission.","If the number of order is smaller than two, orders shall not provide details about Contract Products",4
1051,468,84062,84297,"Upon request, ASE shall ship all Scrap to Motorola separately from any of the Contract Products or Bailed Property in clearlymarked boxes so as to identify the items contained therein.",ASE shall ship all Scrap to Motorola along with the Contract Products or Bailed Property,3
1052,470,89640,89671,The terms of this Letter Agreement shall become effective immediately prior to the closing under the APA.,The terms of this Letter Agreement must not become effective immediately prior to the closing under the APA,1
1053,470,89638,89672,"All capitalized terms used but not otherwise defined herein shall have the same meanings as are ascribed thereto in the SPA or the IRA, as indicated below.","All capitalized terms used but not otherwise defined herein shall not have the same meanings as are ascribed thereto in the SPA or the IRA, as indicated below",1
1056,474,90191,90366,"All inquiries that Seller receives on a worldwide basis relative to Buyer's air chamber ""Products"" as specified in Exhibit III, shall be directed to Buyer.","All inquiries that Seller receives on a worldwide basis relative to Buyer's air chamber ""Products"" as specified in Exhibit III, must not be directed to Buyer.",1
1057,474,90233,90367,Seller shall not be responsible and shall not pay any taxes or charges as outlined in above levied after delivery to Buyer.,Seller shall pay all taxes during the delivery to Buyer.,2
1332,474,90191,90873,"All inquiries that Seller receives on a worldwide basis relative to Buyer's air chamber ""Products"" as specified in Exhibit III, shall be directed to Buyer.","Seller may not redirect inquires concerning Buyer's air chamber ""Products"".",2
1333,478,91263,91397,"Unless otherwise agreed in writing or as set forth in the Packaging Specification, all Products will be packed and shipped in accordance with Adaptec's normal practices.",A shipped product must be packed following Government practices.,3
1334,478,91226,91398,"Where applicable, Taxes shall appear as separate items on Adaptec's invoice.","If shipping products, the Taxes shall appear along the other items on Adaptec's invoice.",4
1335,478,91281,91399,This RMA number must be referenced on all paperwork and shipping containers with respect to the returned Product.,"If shipping less than three products, RMA number shall not be referenced on the paperwork and shipping containers.",4
1336,479,91420,92001,PAYMENT WILL BE MADE BY CODE See Article G.5.,A product payment can be performed using a transfer through bank accounts.,2
1337,479,91651,92002,A 3% annual allowance for salary increases will be allowed for each of the subsequent years of each task if applicable.,Salary shall not be increased by more than 2% a year.,2
1338,480,92039,92085,TEKNIKA shall pay to LSI the adjusted price for the Products within 15 business days of LSI's invoice for the Products.,TEKNIKA ought not pay to LSI the adjusted price for the Products.,1
1339,481,92115,92317,"Only in the case of mobile shredders shall Ifco make available crates for shredding at the agreedupon Ifco depot, as well as transporting the completed granulate at its own costs to the production shops of SWS.",Ifco shall provide crates for shredding along with all sold products.,4
1340,481,92103,92318,"As part of this contract, the crate types specified in greater detail in attachments 1 and 4 (designated in this contract as Ifco products) are to be produced and delivered by SWS to Ifco.",SWS must not produce crates.,2
1341,481,92282,92319,"Even after termination of the contract, SWS shall retain ownership rights of all molded shapes existing for the manufacture of Ifco products.",SWS must retain all ownership rights of all molded shapes for the manufacture of Ifco products.,3
1342,482,92370,92460,NOVOSTE has the right to supervise the agreed upon quality and shall be entitled to inspect the facility in which any part of the Product is been manufactured upon one (1) week's prior notice.,"Once signed, NOVOSTE shall not supervise the agreed upon quality.",2
1343,482,92395,92461,Surcharge: BEBIG will make a substantial investment in the Sr90 seed production line upon the execution of this Agreement to ensure continuous production for a period of four (4) years.,BEBIG shall not make a investments in any seed production line.,2
1344,482,92438,92462,"If such breach is not cured by reasonable measures by BEBIG within 90 days from the date of notice, then NOVOSTE may permit a third party manufacturer to utilize the said knowhow and intellectual property for the sole purpose of manufacturing product for NOVOSTE.",NOVOSTE must not allow a third party manufacturer to manufacture products to NOVOSTE.,4
1345,483,92501,92575,"ACTII shall be responsible for all applicable taxes, including personal property and sales taxes, excluding any income taxes owing by Janssen (or its Affiliate designee).",ACTII is intended to be responsible for all applicable taxes applicable to Janssen.,3
1346,483,92504,92576,"ACTII shall be responsible for the design, construction, equipment, validation and maintenance of the ACTII Facilities, including the Janssen Equipment.","Except for the Janssen Equipment, ACTII must be in charge of the all production processes involving ACTII Facilities.",4
1347,483,92523,92577,No material changes may be made to the Headcount Plan without the prior approval of the Global Supply Team.,Parties may perform changes on materials whenever they want.,2
1348,483,92522,92578,"The Global Supply Team shall periodically review and make any appropriate adjustments to the Headcount Plan, including both the Existing Headcount and the Incremental Headcount.","The Global Supply Team must not periodically review and make any appropriate adjustments to the Headcount Plan, including both the Existing Headcount and the Incremental Headcount.",1
1349,483,92475,92579,"Each Reconciliation Credit during the calendar year 2003 shall be equal to nine hundred seventeen thousand U.S. dollars ($917,000).","Reconciliations made in 2003 must be equal to one million U.S. dollars ($1,000,000).",3
1604,569,111015,111282,"In addition, Cubist will be consulted concerning any matters that could cause a delay in completion of the Facility.","In addition, Cubist may not be consulted concerning any matters that could cause a delay in completion of the Facility.",1
1605,569,111186,111283,Cubist may also terminate this Agreement in the event that the FDA refuses to approve the Product.,Cubist may not terminate terminate this Agreement even in the event that the FDA refuses to approve the Product.,1
1606,569,111074,111284,(b) Cubist shall not be required to pay DSM for any Product which has been property rejected in accordance with clause 3.11 sub (a).,(b) Cubist may be required to pay DSM for any Product which has been properly rejected in accordance with clause 3.11 sub (a).,1
1607,569,111104,111285,Cubist shall at all times upon reasonable notice and during normal business hours have the right to inspect the Facility to ascertain compliance with GMPs.,"Cubist may not be, at all times and upon reasonable notice and normal business hours, denied an inspection of the Facility to ascertain compliance with GMPs.",2
1608,571,111646,111735,"In March 2001, Celgene shall provide a firm order for Material for July through September, 2001 and a revised forecast for the months October, 2001 through June, 2002.","In March 2001, Celgene shall not provide a firm order for Material for July through September, 2001 and a revised forecast for the months October, 2001 through June, 2002.",1
1609,571,111672,111736,Celgene shall have the right to defend and/or settle any such claim and JMI shall give Celgene such information and assistance as may be reasonably necessary in the conduct of such defense.,Celgene shall not have the right to defend and/or settle any such claim and JMI shall not give Celgene such information and assistance as may be reasonably necessary in the conduct of such defense.,1
1610,571,111666,111737,"In the event that JMI fails to replace the Material or fails to do so within the time period stated, Celgene shall have the right to demand a credit of the purchase price therefor.","In the event that JMI fails to replace the Material or fails to do so within the time period stated, Celgene may have the right to demand a credit of the purchase price therefor.",1
1611,571,111655,111738,7.3 JMI will provide Celgene with the results of all assays required to be run under the Specifications.,7.3 JMI will not provide Celgene with the results of all assays required to be run under the Specifications.,1
1612,571,111673,111741,JMI shall have the right to participate in such defense at its cost.,JMI may have the right to participate in such defense at its cost.,1
1613,571,111688,111740,PAYMENT 10.1 Celgene will remit payment in U.S. dollars within thirty (30) days from the date of the invoice.,PAYMENT 10.1 Celgene will not remit payment in U.S. dollars within thirty (30) days from the date of the invoice.,1
1614,571,111673,111741,JMI shall have the right to participate in such defense at its cost.,JMI may have the right to participate in such defense at its cost.,1
1615,572,111939,111819,CoPacker will assume no costs of transportation and handling for such rejected Products.,CoPacker shall assume all costs of transportation and handling both ways for such rejected Products.,3
1616,572,111940,111777,"CoPacker shall label all Products using artwork, graphics, and label copy that WWI may furnish.","CoPacker shall label all Products using artwork, graphics, and label copy that WWI shall furnish.",1
1617,572,111941,111801,CoPacker may furnish to WWI insufficient information to verify shipment of the Products.,CoPacker shall furnish to WWI sufficient information to verify shipment of the Products.,1
1618,572,111771,111942,"CoPacker shall manufacture the Products at its processing facilities at Irwindale and Los Angeles, California or at such other facility as WWI and CoPacker shall mutually agree (the ""Factory"").","CoPacker shall manufacture the Products at its processing facilities at Irwindale and Los Angeles, Califronia or at such other facility as WWI and CoPacker may not mutually agree (the ""Factory"").",1
1620,574,112506,112593,Supplier will promptly notify Buyer in writing should there be any failure to adhere to the representations and warranties as stated herein.,Supplier will not promptly notify Buyer in writing should there be any failure to adhere to the representations and warranties as stated herein.,1
1621,574,112521,112594,Supplier will only deliver the Products specified in a WA.,Supplier will not only deliver the Products specified in a WA.,1
1622,574,112479,112595,"Supplier will not make any changes to the form, fit or function of the Products without Buyer's prior written consent, such consent not to be withheld unreasonably.","Supplier will make any changes to the form, fit or function of the Products without Buyer's prior written consent, such consent not to be withheld unreasonably.",1
1623,574,112515,112596,Supplier will commence such performance within five (5) calendar days of Buyer's written notice to Supplier of an Epidemic Defect Rate.,Supplier may commence such performance within five (5) calendar days of Buyer's written notice to Supplier of an Epidemic Defect Rate.,1
1624,574,112518,112597,Buyer may EXHIBIT 10.24 GOODS AGREEMENT cancel or reschedule the delivery date or change the delivery point as specified in the relevant SOW.,Buyer shall not EXHIBIT 10.24 GOODS AGREEMENT cancel or reschedule the delivery date or change the delivery point as specified in the relevant SOW.,1
1625,574,112482,112598,Supplier shall process WAs issued by Buyer and shall accept all WAs in Accordance with this Goods Agreement and the applicable SOW.,Supplier shall not WAs issued by Buyer and shall not accept all WAs in Accordance with this Goods Agreement and the applicable SOW.,1
1626,574,112520,112599,Buyer will use commercially reasonable efforts to issue a [*] rolling forecast for quantities of Products that may be required.,Buyer may use commercially reasonable efforts to issue a [*] rolling forecast for quantities of Products that may be required.,1
1627,577,112951,113188,Nephros and Medica shall at the time of each report determine jointly the actions to be taken with respect to these findings.,Medica may delete all records. Medica can deliver up to two days after the specified date in a purchase order of all Cartri,1
1628,577,113189,112898,ges specified in that purchase Medica must store up to three Nephros product samples from each sterilization lot for the purpose of potent,Nephros may order for delivery in any given Quarter an aggregate quantity of Cartridge not exceeding 110% of the Final Forecast Quantity.,1
1629,577,112904,113190,Medica may not reject any purchase order that complies with the provisions of this Article 3.,"al clinical or regulatory investigations. With respect to its costs, obligations, and per",1
1630,577,113002,113191,"After filing a response with any Governmental Authority, Medica shall within 5 Business Days notify Nephros of any further contacts with that Governmental Authority with respect to that response.","ormance under this agreement, Medica is not obliged to maintain records. Nephros may delay for at most three days the delivery of any Cartridges after a previous postponed delivery. Medica shall with",1
1631,577,112995,113192,"(b) Nephros shall at its cost obtain and maintain productliability insurance coverage in the amount of $5,000,000 in relation to the Cartridge.","n 20 Business Days provide Nephros written confirmation that they have complied with the foregoing obligation, when requested from Nephros. N",1
1632,577,113008,113193,"Medica shall also maintain records with respect to its costs, obligations, and performance under this agreement.",phros shall not reject any Cartridge that does not meet the Specification or comply with this agreement until it is ,1
1633,577,112890,113194,Nephros may revise in any subsequent Rolling Forecast the forecast for any other month in any Rolling Forecast.,ested.,1
1642,579,113790,113806,Customer will be responsible for restocking charges or freight cost incurred in connection with Dead Inventory.,Customer may be responsible for restocking charges or freight cost incurred in connection with Dead Inventory.,1
1643,579,113625,113807,"Should Customer request the use of a ""loaner"" truck, USF will make reasonable efforts to accommodate supplying a truck for special occasions.","Should Customer request the use of a ""loaner"" truck, USF will not make reasonable efforts to accommodate supplying a truck for special occasions.",1
1644,579,113559,113808,Customer will notify USF at least [***] days in advance of special promotions that may cause unusual or excessive demand on inventory.,Customer may notify USF at least [***] days in advance of special promotions that may cause unusual or excessive demand on inventory.,1
1645,579,113592,113809,Customer will be required to complete the New Product/Special Order Notification and Agreement attached hereto as ATTACHMENT B for all Proprietary Products.,Customer will not be required to complete the New Product/Special Order Notification and Agreement attached hereto as ATTACHMENT B for all Proprietary Products.,1
1646,579,113775,113811,USF may assign any accounts receivable due from Customer hereunder to any third party.,USF may not assign any accounts receivable due from Customer hereunder to any third party.,1
1647,579,113684,113812,"Customer shall make weekly payments via wire transfer on the following Thursday, for the sales of the Applicable Sales Period that ended approximately oneweek prior.","Customer shall not make weekly payments via wire transfer on the following Thursday, for the sales of the Applicable Sales Period that ended approximately oneweek prior.",1
1648,579,113639,113813,The price of product to Customer shall equal USF's invoice cost (as hereinafter defined) plus the agreed upon fee per case on cost as outlined below.,The price of product to Customer may equal USF's invoice cost (as hereinafter defined) plus the agreed upon fee per case on cost as outlined below.,1
1649,579,113610,113814,USF agrees regular deliveries will not be made between the hours of 11:00 am and 2:00 pm with the exception of recoveries and offcycles.,USF agrees regular deliveries may be made between the hours of 11:00 am and 2:00 pm with the exception of recoveries and offcycles.,1
1650,579,113601,113815,Customer shall make arrangements through USF order department for any goods to be returned to USF.,Customer shall not make arrangements through USF order department for any goods to be returned to USF.,1
1651,581,114147,114402,Sponsor shall use best efforts to respond in writing to such Change Order promptly.,Sponsor must not use best efforts to respond in writing to such Change Order promptly.,1
1652,581,114375,114404,CBSI will retain the originals in its archives.,CBSI may retain the originals in its archives.,1
1653,582,114415,114548,AorTech shall use only approved suppliers listed on AorTech's approved supplier list when purchasing such material.,AorTech may use unapproved suppliers listed on AorTech's unapproved supplier list when purchasing such material.,1
1654,582,114434,114549,"AorTech will return materials to suppliers for credit, less restocking fees, when appropriate.","AorTech may return materials to suppliers for credit, less restocking fees, when appropriate.",1
1655,583,114583,114706,"If requested by Purchaser, 7UP/RC shall provide Purchaser with suitable evidence establishing that a cost increase did occur.","If requested by Purchaser, 7UP/RC shall not provide Purchaser with suitable evidence establishing that a cost increase did occur.",1
1656,583,114593,114707,"At the end of the term of this Agreement, 7UP/RC may use the Equipment to produce Products as well as other energy drinks.","At the end of the term of this Agreement, 7UP/RC shall not use the Equipment to produce Products as well as other energy drinks.",1
1657,583,114708,114581,"At any time during the term of this Agreement, 7UP/RC shall not pass through and otherwise charge Purchaser for any cost increases for raw materials, labor or as a result of changes in specifications.","At any time during the term of this Agreement, 7UP/RC may pass through and otherwise charge Purchaser for any cost increases for raw materials, labor or as a result of changes in specifications.",1
1658,583,114709,114585,"Purchaser shall not purchase the equipment specified in Exhibit B (the ""Equipment') at its sole cost and expense.","Purchaser shall purchase the equipment specified in Exhibit B (the ""Equipment') at its sole cost and expense.",1
1659,583,114615,114710,"In the event that such recall results from any cause or event arising from defective manufacture of the Product by 7UP/RC, 7UP/RC shall be responsible for all expenses of the recall.","In the event that such recall results from any cause or event arising from defective manufacture of the Product by 7UP/RC, 7UP/RC shall not be responsible for all expenses of the recall.",1
1660,583,114577,114711,"7UP/RC shall charge Purchaser and Purchaser shall pay for Product as specified in Exhibit A, unless 7UP/RC and Purchaser agree in writing to a different price.","7UP/RC may charge Purchaser and Purchaser shall pay for Product as specified in Exhibit A, unless 7UP/RC and Purchaser agree in writing to a different price.",1
1661,583,114589,114712,Purchaser shall also be responsible for all property taxes on the equipment.,Purchaser may also be responsible for all property taxes on the equipment.,1
1662,583,114577,114713,"7UP/RC shall charge Purchaser and Purchaser shall pay for Product as specified in Exhibit A, unless 7UP/RC and Purchaser agree in writing to a different price.","7UP/RC shall not charge Purchaser and Purchaser shall not pay for Product as specified in Exhibit A, unless 7UP/RC and Purchaser agree in writing to a different price.",1
1663,583,114591,114714,7UP/RC shall perform routine maintenance on the Equipment and shall be financially responsible for minor repairs.,7UP/RC shall not perform routine maintenance on the Equipment and shall be financially responsible for minor repairs.,1
1664,583,114583,114715,"If requested by Purchaser, 7UP/RC shall provide Purchaser with suitable evidence establishing that a cost increase did occur.","If requested by Purchaser, 7UP/RC shall not Purchaser with suitable evidence establishing that a cost increase did occur.",1
1665,583,114607,114716,Purchaser shall pay 7UP/RC a deposit equal to 7UP/RC standard rate which shall be refunded to Purchaser when the shells are returned.,Purchaser may pay 7UP/RC a deposit equal to 7UP/RC standard rate which may be refunded to Purchaser when the shells are returned.,1
1666,583,114588,114717,Purchaser shall be responsible for the actual cost of the Equipment.,Purchaser may be responsible for the actual cost of the Equipment.,1
1667,583,114678,114718,Purchaser shall also be financially responsible for all taxes and freight in connection with the New Equipment.,Purchaser may also be financially responsible for all taxes and freight in connection with the New Equipment.,1
1668,583,114575,114719,Purchaser shall assume title and risk of loss for Product ordered upon delivery of Product to transport.,Purchaser shall not assume title and risk of loss for Product ordered upon delivery of Product to transport.,1
1669,585,115201,115233,2.7 AMFS agrees that no fees shall be charged for the license granted hereunder.,2.7 AMFS agrees that no fees shall not be charged for the license granted hereunder.,1
1670,586,115293,115381,9.5 The Company shall provide to the Customer written notification not less than thirty (30) days of any changes to the fees referred to herein due to direct increase/decrease costs by Company.,9.5 The Company shall not provide to the Customer written notification not less than thirty (30) days of any changes to the fees referred to herein due to direct increase/decrease costs by Company.,1
1671,586,115339,115383,The Company may terminate the contract without cause and at no liability to the Company.,The Company shall not terminate the contract without cause and at no liability to the Company.,1
1672,586,115266,115384,"2 4.3 The Company shall supply the Ingredients and Packaging Materials set forth in Schedule ""A"" or as mutually agreed to by the Company and the Customer.","2 4.3 The Company shall not supply the Ingredients and Packaging Materials set forth in Schedule ""A"" or as mutually agreed to by the Company and the Customer.",1
1673,586,115286,115385,8.2 The Customer shall be allowed to return 48 x 40 fourway hardwood pallets and to receive credit for those returned as long as the Company is satisfied with the condition of such pallet.,8.2 The Customer shall not be allowed to return 48 x 40 fourway hardwood pallets and to receive credit for those returned as long as the Company is satisfied with the condition of such pallet.,1
1674,586,115265,115386,"Upon receipt of debt owed, the Company will then release all Ingredients and Packaging Materials to the Customer.","Upon receipt of debt owed, the Company shall not then release all Ingredients and Packaging Materials to the Customer.",1
1675,587,115574,115727,"Ligand shall solely control the implementation of any such recall, field alert, withdrawal or field correction.","Ligand shall not solely control the implementation of any such recall, field alert, withdrawal or field correction.",1
1676,587,115464,115723,Ligand shall be permitted to send a representative to inventory API at Cardinal Health upon reasonable prior notice and not more than once in any 12month period.,Ligand may be permitted to send a representative to inventory API at Cardinal Health upon reasonable prior notice and not more than once in any 12month period.,1
1677,587,115523,115724,Ligand shall qualify at least one (1) carrier to ship the Product to Cardinal Health.,Ligand may qualify at least one (1) carrier to ship the Product to Cardinal Health.,1
1678,587,115519,115725,Cardinal Health shall segregate and store all Product until acceptance as set forth in Section 5.1 above.,Cardinal Health shall not segregate and store all Product until acceptance as set forth in Section 5.1 above.,1
1679,587,115529,115726,"Ligand shall pay to Cardinal Health the unit pricing set forth on EXHIBIT D (""Unit Pricing"") for all Product.","Ligand shall not to Cardinal Health the unit pricing set forth on EXHIBIT D (""Unit Pricing"") for all Product.",1
1680,587,115574,115727,"Ligand shall solely control the implementation of any such recall, field alert, withdrawal or field correction.","Ligand shall not solely control the implementation of any such recall, field alert, withdrawal or field correction.",1
1681,587,115479,115728,Ligand shall submit each Purchase Order to Cardinal Health at least one hundred and twenty (120) days in advance of the earliest Delivery Date requested in the Purchase Order.,Ligand may submit each Purchase Order to Cardinal Health at least one hundred and twenty (120) days in advance of the earliest Delivery Date requested in the Purchase Order.,1
1682,587,115466,115729,"Ligand shall provide or approve, prior to the procurement of applicable components, all artwork, advertising and packaging information necessary to Manufacture or Package the Product.","Ligand shall not provide or approve, prior to the procurement of applicable components, all artwork, advertising and packaging information necessary to Manufacture or Package the Product.",1
1683,587,115489,115730,"Notwithstanding the foregoing, Ligand shall remain responsible for the Firm Commitment portion of the Rolling Forecast.","Notwithstanding the foregoing, Ligand shall not remain responsible for the Firm Commitment portion of the Rolling Forecast.",1
1684,587,115493,115731,"Cardinal Health shall timely fill each Purchase Order, subject to the terms and conditions of this Agreement.","Cardinal Health may timely fill each Purchase Order, subject to the terms and conditions of this Agreement.",1
1685,588,115793,115974,(v) Hershey will invoice Topps for the Packaged Products produced by Hershey at the time of shipment of such Packaged Products to Topps.,(v) Hershey will not invoice Topps for the Packaged Products produced by Hershey at the time of shipment of such Packaged Products to Topps.,1
1686,588,115975,115836,Hershey will cooperate in no shipping procedures.,Hershey will cooperate in all shipping procedures.,3
1687,588,115976,115778,Hershey may give Topps notice of any and all pricing changes promptly once Hershey learns of such changes and copies of the notices or invoices received from its vendor shall be forwarded along.,Hershey shall give Topps notice of all pricing changes promptly after Hershey learns of such changes along with copies of the notices or invoices received from its vendor.,1
1688,588,115977,115857,"In the event that Topps purchases less than such amount, the prices should be adjusted to reflect any increases in cost to Hershey.","In the event that Topps purchases less than such amount, the prices shall be adjusted to reflect any increased cost to Hershey.",1
1689,589,116042,116257,"Notwithstanding the foregoing, Cinram will have no right to use the Content Software for or on behalf of any Third Party.","Notwithstanding the foregoing, Cinram may use the Content Software for or on behalf of any Third Party.",2
1690,590,116334,116461,CoPacker shall reimburse WWI in full for the quantity of the Products rejected and returned.,CoPacker may reimburse WWI in full for the quantity of the Products rejected and returned.,1
1691,590,116335,116462,CoPacker shall assume all costs of transportation and handling both ways for such rejected Products.,CoPacker shall not assume all costs of transportation and handling both ways for such rejected Products.,1
1692,590,116315,116463,CoPacker shall deliver all the Products that WWI purchases under this Agreement to WWI F.O.B.,CoPacker may deliver all the Products that WWI purchases under this Agreement to WWI F.O.B.,1
1693,590,116388,116464,"CoPacker may not use any of such trademarks or trade names, except as WWI authorizes in writing.","CoPacker may use any of such trademarks or trade names, except as WWI authorizes in writing.",1
1694,590,116332,116465,Payments by WWI for any quantity of the Products shall not constitute approval or acceptance of such Products.,Payments by WWI for any quantity of the Products shall constitute approval or acceptance of such Products.,1
1695,590,116337,116466,"Upon request of WWI, CoPacker shall certify in writing to WWI that all such trademarks, trade names, and identifying marks have been removed from any rejected Products.","Upon request of WWI, CoPacker shall not certify in writing to WWI that all such trademarks, trade names, and identifying marks have been removed from any rejected Products.",1
1696,590,116338,116467,CoPacker shall furnish to WWI without charge samples of the Products that WWI reasonably requests for quality control testing and evaluation.,CoPacker may furnish to WWI without charge samples of the Products that WWI reasonably requests for quality control testing and evaluation.,1
1697,590,116289,116468,Copacker shall be the exclusive supplier of the Products within the continental United States of America during the term of this Agreement.,Copacker may be the exclusive supplier of the Products within the continental United States of America during the term of this Agreement.,1
1698,590,116328,116469,"CoPacker may restrict access by WWI's representatives to only those areas where the Products and ingredients and materials for the Products are processed, tested, or stored.","CoPacker may not restrict access by WWI's representatives to only those areas where the Products and ingredients and materials for the Products are processed, tested, or stored.",1
1699,590,116279,116470,"Notwithstanding anything contained herein to the contrary, WWI shall not be required to purchase any minimum quantity of the Products.","Notwithstanding anything contained herein to the contrary, WWI shall be required to purchase any minimum quantity of the Products.",1
1700,590,116279,116471,"Notwithstanding anything contained herein to the contrary, WWI shall not be required to purchase any minimum quantity of the Products.","Notwithstanding anything contained herein to the contrary, WWI may be required to purchase any minimum quantity of the Products.",1
1701,591,116773,116891,"In addition, CBSH may disclose the identity of SERAGEN as a customer of CBSH to other customers and potential customers.",CBSH must not disclose the identify of SERAGEN from the list of potential customers as other types of transactions may occur.,2
1702,591,116617,116892,"SERAGEN and CBSH will negotiate in good faith, terms for the continuance or discontinuation of the manufacture of any such replacement Batch.",The parties shall not negotiate outside this contract.,2
1703,593,117255,117403,Customer shall provide suitable and easily accessible space for installation of the Equipment within the premises.,It is not an obligation to Customer to provide suitable and easily accessible space for installation of the Equipament.,2
1704,593,117278,117404,"Supplier will provide documents, manuals, and visual aids to be utilized in the required training of Customer's employees in use of Equipment and Software purchased under this Agreement.",Suplier shall not provide anything to be utilized in the required training of employees from Customer during the use of Equipament and Software purchased.,2
1705,476,117487,117767,Novoste shall execute all documents reasonably required to provide a secondary security interest in and to the Hot Cell(s) to QSA.," Novoste must execute all documents reasonably required to provide a secondary security interest in and to the Hot Cell(s) to QSA, only when required",4
1707,476,117654,117769,QSA shall be responsible for implementing and complying with any new or revised regulatory requirements arising after the Effective Date relating to QSA's performance of this Agreement.,ent. QSA cannot be responsible for implementing and complying with any new or revised regulatory requirem,3
1708,476,117607,117770,Novoste may not settle nor compromise any such legal action without the written consent of QSA.,nts. Novoste can settle or compromise any legal action without the written consent of,2
1709,475,117825,117904,"3.7 CONTRACT CANCELLATION CHARGES For the convenience of the Buyers, and if agreed to by AEI, Buyer may cancel the remaining orders under the following conditions: a.",In any possible case shall Buyer cancel the remaining orders.,2
1710,577,118041,118207,"Medica shall also maintain records with respect to its costs, obligations, and performance under this agreement.","With respect to its costs, obligations, and performance under this agreement, Medica is not obliged to maintain records.",2
1711,577,117940,118208,Nephros may not further postpone delivery of any Cartridges the delivery of which was previously postponed.,Nephros may delay for at most three days the delivery of any Cartridges after a previous postponed delivery.,2
1712,577,118019,118209,"On written request from Nephros, Medica shall within 10 Business Days provide Nephros written confirmation that they have complied with the foregoing obligation.","Medica shall within 20 Business Days provide Nephros written confirmation that they have complied with the foregoing obligation, when requested from Nephros.",3
1713,577,117969,118210,"(a) Nephros may reject any Cartridge that does not meet the Specifications or otherwise comply with this agreement (any such Cartridge, a ""Nonconforming Cartridge"").",Nephros shall not reject any Cartridge that does not meet the Specification or comply with this agreement until it is tested.,2
1714,479,91564,118436,The final report shall contain: 1) Title Page as described above in paragraph a.1).,The final report may contain a title page.,2
2390,602,119147,119333,"Such rights may be exercised through any agent or employee of ECC or one of its Affiliates designated by ECC or by independent certified public accountants or attorneys designated by ECC; provided, however, ECC shall not be charged any expense for document requests reasonably necessary to calculate or confirm ECC's payment obligations, or Sweetheart's or ECC's right to receive distributions pursuant to Sections 7.1 or 7.2 hereof; and provided further that Sweetheart shall reimburse ECC for the actual costs of the review if it is determined that, as a result of the review, ECC is owed at least $150,000.",Every expense on documents shall be charged from ECC.,2
2391,602,118962,119334,"(d) All alterations of and improvements to the Facility, including those necessary to cause the Facility to comply with the requirements of this Section 3.1, shall be the property of Sweetheart.",Improvements or alterations to the Facility will not be property of Sweetheart.,2
2392,602,118959,119335,The Facility shall meet all legal and administrative code standards applicable to the conduct of the Principal Activity thereat.,"Only if previously agreed, the Facility ought to follow legal and administrative code standards.",4
2393,603,119413,119583,The operation and maintenance of the System shall be in accordance with all applicable Requirements of Law and shall be the responsibility of MOPAC except that Biopure shall pay its share of the costs of operating the System as provided above.,The operation and maintenance of the System may be in accordance with all applicable Requirements of Law and shall be the responsibility of MOPAC except that Biopure shall pay its share of the costs of operating the System as provided above.,1
2394,472,89715,119584,"Autotote shall make available to Sisal one (1) working prototype of the Terminal by May 1, 1998.","Autotote shall make available to Sisal one (1) working prototype of the Terminal by June 12, 1998.",3
2395,472,89685,119585,Autotote will own the Intellectual Property Rights to all said prototypes.,Autotote shall not own the Intellectual Property Rights to prototypes.,2
2396,472,89710,119586,INFORMATION CONFIDENTIALITY The parties shall exchange all Information necessary in order to make possible and facilitate the development of the prototypes of the Terminal and the manufacture of the Terminals and shall keep strictly confidential all Information.,"If required, Sisal may refuse to exchange information.",2
2397,472,89771,119587,DELIVERY AND FORCE MAJEURE Autotote shall strictly comply with the delivery terms provided in art.,Autotote must delivery according to its own terms.,3
2398,472,89778,119588,"If, within 30 days after receipt of shipment, Autotote or EIS do not receive notification of nonconformity, then said shipment shall be deemed to have been accepted.",Shipment shall not be considered accepted until a notification conformity.,4
2399,472,89683,119589,"Subject to the terms and conditions of this Agreement, Autotote shall develop and manufacture for Sisal five (5) laboratory prototypes of the Terminal and one (1) working prototype in final assembly form.",Autotote is obliged to develop and manufacture two (2) laboratory prototypes of the Terminal.,3
2400,599,118532,119590,Buyer will only delay shipment of a full container for reasons specified in Section 7.6 and 7.3 above.,Buyer shall not delay any shipment.,2
2401,599,118631,119591,"17.6 QTEL shall construct, subcontract to have constructed, or procure from third parties, certain tooling, equipment and/or software programs as specified in Schedule F, to be attached hereto, which items shall be authorized by separate Purchase Order(s) issued by Buyer.",QTEL shall not construct using third parties.,2
2402,599,118625,119592,17.3 Any Consigned Tooling delivered to QTEL shall be used and handled only by employees of QTEL who are trained in the use of such tooling.,Consigned Tools delivered to QTEL may be used by CODETEL employees.,2
2403,582,114434,119628,"AorTech will return materials to suppliers for credit, less restocking fees, when appropriate.",AorTech shall never return materials to suppliers.,2
2404,582,114415,119629,AorTech shall use only approved suppliers listed on AorTech's approved supplier list when purchasing such material.,AorTech must use the suppliers it prefers.,3
2405,582,114418,119630,3.7 AorTech shall maintain a minimum of sixty (60) days inventory of all required materials for the manufacture of the Product to support the rolling Production forecast over that same time period.,AorTech shall maintain a minimum of sixty (30) days inventory of all required materials for the manufacture of the Product to support the rolling Production forecast over that same time period.,3
2406,582,114441,119631,These meetings shall be held at minimum of four (4) times per year.,Meetings must occur once a year.,3
2407,603,119395,119632,MOPAC and Biopure will cooperate in causing an orderly connection of the Separation Facility with the System.,MOPAC shall make an orderly connection of the Separation Facility with the System.,3
2408,603,119414,119633,MOPAC shall not be liable to Biopure for consequential damages arising out of System shutdown caused by any event of force majeure.,"If natural causes System to shutdown, MOPAC will be responsible for the damages.",4
2409,468,84216,119634,"(G) Within one (1) month following the termination of this Agreement, ASE shall return or destroy to Motorola each item of Technical Information and Confidential Information delivered or disclosed to ASE hereunder, and provide a certification that, through its best efforts, and to the best of its knowledge, the original and all copies, in whole or in part, in any form, of the Technical Information and Confidential Information, have been destroyed or returned to Motorola.","After the termination of this Agreement, ASE can keep items of Technical Information.",2
2410,572,111793,119635,(a) All ingredients and raw materials that CoPacker uses for the manufacture of the Products shall strictly conform to the Specifications.,"If CoPacker cannot find the ingredients and raw material needed, CoPacker must use according to its own Regulation.",4
2411,572,111782,119636,WWI shall have the right from time to time at its sole option to modify the formulations for the Products included as part of the Specifications.,WWI cannot change Products formulations.,2
2412,572,111935,119637,CoPacker will assume no costs of transportation and handling for such rejected Products.,The costs of transportation from rejected Products shall be responsibility of CoPacker.,2
2413,606,119936,119939,"10.06 The validity, construction and performance of this Agreement shall be governed and interpreted in accordance with the laws of the State of Georgia.",This Agreement shall follow the laws of the State of Hawaii.,3
2414,607,119976,120083,All payments for the Equipment shall be made by Purchaser directly to the Equipment supplier.,Payments for the Equipment must be directed to the Equipment supplier through a bank account.,3
2415,607,119949,120084,"7UP/RC shall process, test, label, store, and sell Products to Purchaser in accordance with the terms and conditions set out in this Agreement, during the term of this Agreement.",7UP/RC must not store Products.,2
2416,607,119955,120085,Purchaser shall be financially responsible for all outofdate Product and raw materials.,Purchaser shall not be responsible for out of date raw materials.,2
2417,608,120415,120570,"If such action by Apple will impact SCI's cost or delivery schedule, such cost or schedule will be equitably adjusted.",Costs and schedule will not be adjusted.,4
2418,608,120170,120571,"On or before June 21, 1996, Apple will provide and the parties will execute Product Plans for the initial Products that SCI will manufacture and attach such Product Plans as addenda A1A11 to Exhibit A.",Apple shall not provide Product Plans as it being part of SCI tasks.,2
2419,608,120416,120572,SCI will also establish a process permitting Apple to purchase components and materials and procure outofwarranty repairs directly from such vendors.,"During the contract, Apple must not purchase components.",2
2420,608,120236,120573,The terms and conditions of SCI's purchase of such materials and components will be determined by agreement between SCI and the Apple Authorized Vendors.,SCI must define all terms for materials and components.,3
2421,480,92039,120574,TEKNIKA shall pay to LSI the adjusted price for the Products within 15 business days of LSI's invoice for the Products.,TEKNIKA shall pay to LSI the adjusted price for the Products within 10 business days of LSI's invoice for the Products.,3
2422,480,92073,120575,"The arbitration shall be conducted in St. Petersburg, Florida.","The arbitration shall be conducted in Tampa, Florida.",3
2423,480,92019,120576,Teknika will notify LSI that it considers that a Triggering Event has occurred.,Teknika shall not notify LSI of any regular event.,2
2424,611,120623,120788,1.4 Contractor shall prepare and submit to Customer the quality control records and reports set forth in Exhibit II and shall also furnish to Customer without charge a reasonable number of samples from each production run of Product as set forth in Exhibit II for quality control purposes.,Contractor shall charge for every sample furnished and delivered to Customer.,3
2425,611,120696,120789,"Notwithstanding paragraph 8.1, Contractor shall not have an obligation of confidentiality with respect to information which: 8.2.a.",Contractor must keep confidentiality over all subjects of this contract.,2
2426,611,120650,120790,Contractor will provide pallets to Customer's specifications as part of the fee set forth in Exhibit I.,"If Customer's specifications demands more than 2 days to be followed, Contractor may present pallets following a base specification for all clients.",4
2427,466,121162,121311," ownership"" (whether capitalized or not) or similar forms shall mean Products for which NCR has provided the eng",All APP orders shall be payed by APP.,3
2428,614,121337,121346,"Furthermore, Buyer shall provide PBF annual audited financial statements issued by a certified public accountant(s).",Buyer will provide PBF audited financial statements monthly.,3
2429,614,121329,121347,"Payment for furniture, fixtures and equipment shall be due from Buyer to PBF within 10 days of the final installation date of the original contract amount *** or *** , to *** , provided that the *** *** , on the due dates.",Buyer shall have 5 days to pay PBF for bought equipment.,3
2430,603,119501,121855,"Except as may be modified by this Section 2, the Company shall be obligated to register the Special Shares under the 1933 Act by reason of this Section 2.2 on two occasions only, provided such registration statements have become effective under the 1933 Act.",Company shall not register Special Shares.,2
2431,605,119848,122093,"Notwithstanding the above, the total of all invoices paid under this contract may not exceed the United States dollars authorized.","If needed, the amount spent in all invoices may exceed the US dollars authorized.",4
2632,598,118448,122094,"The Contract, as modified by the express terms of this Amendment, is hereby ratified and affirmed by Purchaser and Contractor, and shall remain in full force and effect.","The Contract, as modified by the express terms of this Amendment, is hereby ratified and affirmed by Purchaser and Contractor, and must not remain in full force and effect.",1
2634,612,120995,122096,"Each party agrees that any violation or threatened violation of this Agreement may cause irreparable injury to the other party, entitling the other party to seek injunctive relief in addition to all legal remedies.","If each party agrees that any breach or threat of breach of this Agreement may cause irreparable damage to the other party, then it is authorizing the other party to seek injunctive relief in addition to all legal remedies.",4
2635,612,120897,122097,"In addition to this Blanket Purchase Order, VA Research will supply a * nonbinding &quot;subforecast&quot; reflecting the anticipated configuration detail by month.","Reflecting the details of the planned setup per month, in addition to this general purchase order, VA Research will provide a ""non-binding"" sub-quotation.",3
2636,612,120915,122098,Any material which Synnex deems necessary to purchase outside of Blanket Purchase Order coverage will be identified as such to VA Research and purchased only upon approval of VA Research in writing.,"Only upon written approval from VA Research, any material that Synnex deems necessary to purchase outside the coverage of the General Purchase Order will be identified as VA Research and purchased.",3
2637,612,120856,122099,VA Research shall add Synnex as an additional insured under VA Research's product liability polices for any Products.,VA Research will add Synnex as an additional insured if VA Research's product liability policies for any Products.,4
2638,612,120899,122100,"* C. Daily Release Orders for the specific configurations to be shipped against the Blanket Purchase Order with all shipping information, and detail of how it will be shipped 1.","* C. Daily Release Orders for the specific configurations to be shipped against the Blanket Purchase Order with all shipping information, and detail of how it must not be shipped 1.",1
2639,612,120866,122101,"In all respects, this Agreement shall govern, and any other documents including, without limitation, preprinted terms and conditions on VA Research's Blanket Purchase Orders and Daily Release Orders shall be of no effect.","If in all respects, this Agreement shall govern, and any other documents including, without limitation, then the pre-printed terms and conditions of VA Research Advance Purchase Orders and Daily Release Orders shall have no effect.",4
2640,612,120915,122102,Any material which Synnex deems necessary to purchase outside of Blanket Purchase Order coverage will be identified as such to VA Research and purchased only upon approval of VA Research in writing.,A Reseach shall not perform any approvements.,2
2641,612,121016,122103,Paragraph 2.3 shall be amended to add that materials procured to manufacture Products (as defined in Section 2 here) shall be purchased and invoiced by Synnex to VA Linux at * for such materials.,Paragraph 2.3 may be separated to add that materials purchased to manufacture Products (as defined in Section 2 here) shall be purchased and invoiced by Synnex to VA Linux on * for such materials.,2
2642,612,120934,122104,VA Research will replace the defective component and send the defective part back to Synnex to return to the supplier.,If VA Research will replace the defective component then it will have to send the defective part back to Synnex to return to the supplier.,4
2643,612,120936,122105,There will not be any credit taken by VA Research for these parts unless a reciprocal credit is first given to Synnex by the supplier.,"There will always be credit to VA Research for these parts, even if a credit is not reciprocal or given to Synnex by the supplier for the first time.",2
2644,612,120896,122106,"A * Blanket Purchase Order (&quot;Blanket Purchase Order&quot;) for Base Configuration Units, broken down by expected monthly volume.","A * General purchase order (& quot; Order of coverage order & quot;) as units of Base configuration, divided by the expected monthly volume.",3
2645,612,120912,122107,"Should Synnex need to purchase material from a source which is not on the AVL, Synnex will inform VA Research and seek written approval to deviate.",Synnex does not need to inform VA Research when it needs to purchase material from another sources.,2
2646,612,120816,122108,"All modifications to such VA Research software shall be the exclusive property of either VA Research or VA Research's vendor, as the case may be.",No modification of VA Research software will be the sole property of VA Research,2
2647,612,121025,122109,"Paragraph 7.2 shall be added: Synnex shall be appointed as reseller for VA Linux on the conditions and terms set forth in this Amendment: (i) Synnex shall have the limited right to resell solely in the U.S. VA Linux 2U Levi rackmount chassis, power supply, and backplane components with factory installed nonLinux operating systems (&quot;VA Linux Reseller Product&quot;).","Paragraph 7.2 should be added: Synnex may be named as a reseller for VA Linux with exceptions on the terms and conditions set forth in this Amendment: (i) Synnex may have the right to resell it if it is in the US VA rack-mounted chassis Linux 2U Levi, power supply and backplane components with factory-installed nonLinux operating systems (& quot; VA Reveller Product & quot;) or any similar.",4
2648,612,121016,122110,Paragraph 2.3 shall be amended to add that materials procured to manufacture Products (as defined in Section 2 here) shall be purchased and invoiced by Synnex to VA Linux at * for such materials.,"Paragraph 2.3 may be amended, if Synnex agrees, to include materials purchased to manufacture Products (as defined in Section 2 of this document) to be purchased and invoiced by Synnex to VA Linux on * for such materials.",4
2649,612,121049,122111,"(d) Gross rental payments shall include: utilities (1,000 amps), 12hour security, tax, access to fork lift, and such other equipment.","(d) Gross rental payments may include, if exceeded, public services (1,000 A), 12-hour security, taxes, access to forklifts, and other equipment.",4
3033,612,120883,122112,"This Agreement shall be binding upon and inure to the benefit of the parties hereto and their respective successors, assigns and legal representatives.","The present parties and their respective successors, assigns and legal representatives may benefit if this Agreement is binding.",4
3034,612,121028,122113,"Provided, Synnex shall hold VA Linux harmless and indemnify VA Linux for any liabilities including but not limited to intellectual property claims, damages and attorneys fees so long as such liability did not arise due to any material fault by VA Linux.","Synnex will not exempt VA Linux nor represent VA Linux for any liability, including, but not limited to, intellectual property claims, damages and attorneys' fees, even if liability arises due to any material failure of VA Linux.",4
3035,612,120841,122114,"All prices quoted are exclusive of federal, state and local excise, sales, use and similar taxes, and any duties, and VA Research shall be responsible for all such items.","Although all prices quoted are exclusive of federal, state, and local taxes, sales, use, and similar taxes, and any rights, and VA Research at no time will be responsible for all such items.",4
3036,612,121029,122115,"Synnex shall further agree to properly place VA Linux trade mark, copyright or such other notices on the VA Linux Reseller Product and shall not remove the same.","Synnex also agrees that it may properly affix VA Linux trademark, copyright, or other notices in the VA Linux Reseller Product and may remove it.",4
3037,612,120921,122116,This notification will be given within one (1) business day of receiving the Daily Release Orders.,"This notice may be given within (1) business day depending on the occasion, upon receipt of the Daily Release Orders.",2
3038,612,121030,122117,"Synnex shall be solely responsible for customer support, warranty or claims arising out of VA Linux Reseller Product except for claims arising out of any material fault of VA Linux.","Except for claims arising out of any VA Linux material failure, Synnex will be responsible for customer support, warranty or claims arising from the VA Linux Reseller Product.",2
3039,612,120841,122118,"All prices quoted are exclusive of federal, state and local excise, sales, use and similar taxes, and any duties, and VA Research shall be responsible for all such items.","VR Research may be liable for any of these items, if any, where they would be: federal, state and local taxes, sales tax, use and similar, and any rights.",4
11340,238,25133,25137,Quality.,Taxes and Royalty.,1
11341,238,25042,25043,"GAS PURCHASE AGREEMENT THIS AGREEMENT is made and entered into as of this 28th day of January, 2000, to be effective on January 1, 2000 (the Effective Date), by and between WESTERN GAS RESOURCES, INC., a Delaware corporation (Buyer), and Big Basin Petroleum, LLC (Seller).","Buyer and Seller shall also be hereinafter referred to individually as the ""Party"" and jointly as the ""Parties.""",1
11342,579,113559,125526,Customer will notify USF at least [***] days in advance of special promotions that may cause unusual or excessive demand on inventory.,Customer should notify USF of special promotions that may cause unusual and excessive demand on inventory.,2
11343,579,113698,125527,"Notwithstanding anything contained herein or in any other agreement to the contrary, to the extent there is any change in Customer's creditworthiness or financial capabilities (which shall include Customer's failure to pay invoices within payment terms and a reasonable period of time thereafter), or to the extent Customer experiences other circumstances which affect its ability to meet the payment terms established hereunder, USF shall have the right to change the terms outlined herein including, but not limited to, Customer's payment terms and service arrangements.","If anything contained in this document and any other agreement to the contrary, to the extent that there is no change in Customer's credit and financial standing (which will never include Customer's failure to pay invoices out of payment terms and one unreasonable period of time thereafter) and To the extent that Customer has other circumstances that affect its ability to meet the payment terms set forth herein, then USF shall have no right to change the terms described herein, including, but not limited to, limiting Customer's terms of payment and services.",4
11344,579,113670,125528,"Upon reaching the stated end date of a deviated costing program, based on the vendor documentation described above, USF's pricing to Customer will revert to the regular price structure as described in Section 4 above.","If you do not reach the stated end date of a deviating costing program, based on the supplier documentation described above, then USF prices to Customer will be reverted to the regular price structure as described in Section 4 above.",4
11345,579,113959,125529,Interest will be charged at the lower of [***]% per month or the highest rate permissible by law.,If no interest will be charged at the lower of [***]% per month and at the highest rate then it will be allowed by law.,4
11346,579,113923,125530,"Invoice cost shall not be adjusted for, and Customer shall not be entitled to, promotional allowances, cash discounts, prompt pay discounts, growth programs or any other supplier incentives received by USF.","If the cost of the invoice is adjusted, Customer will not be entitled to promotional discounts, cash discounts, growth programs or any other supplier incentives received by USF.",4
11347,579,114050,125531,This Agreement shall be governed by and construed and enforced in accordance with the laws of the State of Maryland without reference to the conflicts of laws principles thereof.,"This Agreement shall not be governed by, construed and enforced in accordance with the laws of the State of Maryland, without reference to conflicts of law principles thereof.",4
11348,579,113586,125532,"In the event this Agreement is terminated for any reason, Customer agrees to purchase, or cause a third party to purchase, at full selling price, including the applicable fee per case and any additional surcharges incurred by USF, all Proprietary Products.","You do not agree to purchase, or cause a third party to purchase, at full sale price, including the applicable rate per case and any additional surcharges incurred by USF, all Proprietary Products, if this Agreement is terminated for any reason",2
11349,579,113780,125533,"It is the policy of USF to comply with all applicable state and federal laws prohibiting discrimination in employment based on race, age, color, sex, national origin, disability, religion or other protected classification.","If USF policy does not comply with all state and federal laws then they are not applicable that prohibit discrimination in employment based on race, age, color, sex, nationality, disability, religion or other protected classification.",4
11350,579,113550,125534,"Distributor shall supply Customer with items ordered by Customer which are within the categories of products listed below, and such additional categories of products as the parties may agree to in writing (collectively, ""Specified Products"").","The Distributor will never provide Customer with any items requested by Customer if it does not wish to, even those within the product categories listed below, and additional categories of products that the parties may agree in writing (collectively, ""Specified Products"").",2
11351,579,113897,125535,"Additionally, the website is intended to allow users to search the USF catalog of products and gain access to real time pricing of items, even those not on Customer's standard Order Guide.","In addition, the site may allow users to search the USF product catalog and gain access to the price of the items, but not the ones in the Customer's standard Ordering Guide.",2
11352,477,90912,125536,"If Airline has not remedied the situation to the reasonable satisfaction of LMGC within 72 hours thereafter, LMGC shall be entitled, for the **** day period thereafter and in addition to the capacity otherwise provided hereunder on such **** Route or **** Route, as applicable, to book additional Airline Seats at the Special Fares in any other economy booking classes in a number sufficient to make up the deficiency for that particular **** day period.","The LMGC shall not be entitled to, or in addition to, the capacity otherwise provided herein on such route or route, as the case may be, to reserve additional Air Seats in the Special Rates in any other classes of economy reservation if the Airline remedies reasonable satisfaction with the LMGC within 72 days.",2
11353,477,91026,125537,"Neither party may assign its rights or obligations hereunder without the prior written consent of the other, except that either party may, without consent, assign its rights hereunder (i) to any Affiliate either as part of a bona fide corporate reorganization, or a sale of all or substantially all of its assets, but no such assignment shall relieve such party from its obligations hereunder, and (ii) by way of security to any financier; provided that if any **** or **** enforces upon any such security provided by LMGC and operates the Program on its own for more than one month, Airline may, on not less than 20 Business Days prior notice to such **** or **** sent no later than four weeks after the end of such month, elect to terminate this Agreement, in which event, this **** PORTIONS OMITTED AND FILED SEPARATELY WITH THE COMMISSION PURSUANT TO A REQUEST FOR CONFIDENTIAL TREATMENT.","Both parties may assign their rights or obligations here with the prior written consent of the other party, even if either party wishes to transfer its diamonds, there must be prior consent here (i) to any Affiliate or part of the corporate restructuring in good faith and a sale of all or substantially all of its assets, but all such assignments shall include such part of its obligations, and (ii) as collateral to any lender; provided that, if any **** or **** is not applicable to any title provided by the LMGC and operate the Program for its own account for less than one month, the Airline may, at least 20 working days in advance, such **, or **** submitted no later than four weeks after the end of that month, elect to terminate this Agreement, in which case the parties shall be processed and filed separately with the Commission in accordance with a request for confidential treatment.",2
11354,477,91098,125538,"Airline shall pay LMGC (or LMG Travel) commissions in respect of sales of all tickets (including tickets for companion seats, but not including Special Tickets purchased hereunder at the Special Fares) on the basis of Airline's standard commission agreement for each calendar year during the Term.",The airline will be required to pay LMGC (or LMG Travel) commissions in respect of the sale of some of the tickets (not including tickets for complimentary seats but including special tickets purchased under special rates) based on Airline's standard commission agreement for each year Term.,2
11355,477,90887,125539,"(b) Airline agrees to load and maintain the Special Fares in **** Class during the Initial Period and in the Other Class during the Additional Period, and make such Special Fares accessible in SABRE throughout the Term and to give LMGC and LMG Travel (and no one else outside of Airline or a Regional Airline) access to such fares.","The Special Rates in Class **** during the Initial Period and in the Other Class during the Additional Period the airline does not agree to load and maintain them, and does not make such Special Rates available on SABER during the Term and give LMGC and to LMG Travel (and no one else outside the Airline or a regional airline) access to such rates.",2
11356,477,90947,125540,"As soon as possible, but in any event by July 1, 2000, Airline shall dedicate at least one employee exclusively for the purpose of fulfilling the responsibilities and having the job position and qualifications described in Schedule E hereto.","If, as soon as possible, but in any case no later than July 1, 2000, no employee shall be dedicated to discharge the responsibilities and hold the position and qualifications described in Annex E of this document.",4
11357,579,125534,125541,"The Distributor will never provide Customer with any items requested by Customer if it does not wish to, even those within the product categories listed below, and additional categories of products that the parties may agree in writing (collectively, ""Specified Products"").","if Customer wishes, it will always be provided by the Distributor, any items within the product categories listed below, and additional categories of products that the parties may agree in writing (collectively, ""Specified Products"").",4
11358,579,113654,125542,Selling price will be reestablished by applying the applicable fee per case amount to the increased cost.,"If the sale price is restored by applying the applicable rate, then the cash value will not increase the cost.",4
11359,579,113957,125543,"Customer shall be primarily responsible for all financial obligations hereunder, irrespective of the entity to which Customer may direct that products be delivered.","If the Customer wishes it will not be responsible for all financial obligations, then especially the entity that can direct the products to be delivered.",4
11360,579,113913,125544,"Such product must be unopened, full case nonperishable product, in good condition with adequate shelf life remaining to allow for resale.","Such product may be closed, non-perishable product, in good condition, with adequate shelf life to enable resale in the short term.",2
11361,579,114048,125545,No force majeure event shall excuse Customer from its payment obligations contained herein.,Any event of force majeure may release Customer from its payment obligations contained herein.,2
11362,579,113774,125546,"In the event this Agreement is assigned, the assignor shall in no event be relieved of or be released from its obligations contained herein.","If this Agreement is attributed, the assignor may be released or released from its obligations contained herein.",4
11363,579,113645,125547,"It is expressly acknowledged and agreed that USF may utilize its internal logistics or branch generated backhaul program, provided that freight cost charged to Customer does not exceed standard freight.",The cost of freight charged to the Customer may exceed the standard freight if USF uses its internal or programmed backhaul logistics generated by the agency.,4
11364,579,113811,125548,USF may not assign any accounts receivable due from Customer hereunder to any third party.,"If USF assigns any accounts, then you can receive debits by Clienter here to a third party.",4
11365,579,125535,125549,"In addition, the site may allow users to search the USF product catalog and gain access to the price of the items, but not the ones in the Customer's standard Ordering Guide.","In addition, if the site can allow users to search the USF product catalog, then they can not gain access to the price of the items, but can access those from the Customer's standard Ordering Guide.",4
